{
    "version": "2.0.0",
    "params": {
        "n_estimators": 500,
        "max_depth": 7,
        "learning_rate": 0.05,
        "subsample": 0.8,
        "colsample_bytree": 0.8,
        "min_child_weight": 3,
        "gamma": 0.1,
        "random_state": 42
    },
    "metrics": {
        "train_mae": 1.0743018413744265,
        "test_mae": 2.1687709255000183,
        "train_r2": 0.9479349833676304,
        "test_r2": 0.7940582845348847,
        "n_samples": 4803,
        "n_features": 548,
        "timestamp": "2026-04-25T07:15:32.304535"
    },
    "feature_names": []
}